{"cameraMode":{"drawMode":0,"name":"Shaded","section":"Shading Mode"},"sceneLighting":false,"audioPlay":false,"sceneViewState":{"showFog":true,"showMaterialUpdate":false,"showSkybox":false,"showFlares":true,"showImageEffects":true,"showParticleSystems":true},"in2DMode":false,"pivot":{"x":-1.8599998950958253,"y":-1.2400000095367432,"z":2.73046875},"rotation":{"x":-0.28230783343315127,"y":0.04343471676111221,"z":-0.012797192670404911,"w":-0.9582575559616089},"size":1.1431536674499512,"orthographic":true}