{"cameraMode":{"drawMode":0,"name":"Shaded","section":"Shading Mode"},"sceneLighting":true,"audioPlay":false,"sceneViewState":{"showFog":true,"showMaterialUpdate":false,"showSkybox":true,"showFlares":true,"showImageEffects":true,"showParticleSystems":true},"in2DMode":false,"pivot":{"x":-0.05998377501964569,"y":1.0469982624053956,"z":-4.620891571044922},"rotation":{"x":0.09585145860910416,"y":-0.0059718722477555279,"z":0.000573732191696763,"w":0.9953818917274475},"size":5.289491653442383,"orthographic":false}